Product code,Station number,Year,Month,Precipitation,Quality,Date
IDCJAC0001,70069,1945,01,42.9,Y,1945-01-1
IDCJAC0001,70069,1945,02,59.8,Y,1945-02-1
IDCJAC0001,70069,1945,03,30.8,Y,1945-03-1
IDCJAC0001,70069,1945,04,76.8,Y,1945-04-1
IDCJAC0001,70069,1945,05,39.9,Y,1945-05-1
IDCJAC0001,70069,1945,06,127.7,Y,1945-06-1
IDCJAC0001,70069,1945,07,22.9,Y,1945-07-1
IDCJAC0001,70069,1945,08,76.9,Y,1945-08-1
IDCJAC0001,70069,1945,09,49.7,Y,1945-09-1
IDCJAC0001,70069,1945,10,55.2,Y,1945-10-1
IDCJAC0001,70069,1945,11,42.2,Y,1945-11-1
IDCJAC0001,70069,1945,12,15.6,Y,1945-12-1
IDCJAC0001,70069,1946,01,61.5,Y,1946-01-1
IDCJAC0001,70069,1946,02,74.9,Y,1946-02-1
IDCJAC0001,70069,1946,03,31.8,Y,1946-03-1
IDCJAC0001,70069,1946,04,48.6,Y,1946-04-1
IDCJAC0001,70069,1946,05,21.3,Y,1946-05-1
IDCJAC0001,70069,1946,06,74.2,Y,1946-06-1
IDCJAC0001,70069,1946,07,58.9,Y,1946-07-1
IDCJAC0001,70069,1946,08,26,Y,1946-08-1
IDCJAC0001,70069,1946,09,22,Y,1946-09-1
IDCJAC0001,70069,1946,10,40,Y,1946-10-1
IDCJAC0001,70069,1946,11,72.3,Y,1946-11-1
IDCJAC0001,70069,1946,12,53.9,Y,1946-12-1
IDCJAC0001,70069,1947,01,0,Y,1947-01-1
IDCJAC0001,70069,1947,02,85.6,Y,1947-02-1
IDCJAC0001,70069,1947,03,21.8,Y,1947-03-1
IDCJAC0001,70069,1947,04,64.2,Y,1947-04-1
IDCJAC0001,70069,1947,05,20.6,Y,1947-05-1
IDCJAC0001,70069,1947,06,46.8,Y,1947-06-1
IDCJAC0001,70069,1947,07,85.8,Y,1947-07-1
IDCJAC0001,70069,1947,08,60,Y,1947-08-1
IDCJAC0001,70069,1947,09,53.8,Y,1947-09-1
IDCJAC0001,70069,1947,10,56.9,Y,1947-10-1
IDCJAC0001,70069,1947,11,92.5,Y,1947-11-1
IDCJAC0001,70069,1947,12,154.9,Y,1947-12-1
IDCJAC0001,70069,1948,01,104.2,Y,1948-01-1
IDCJAC0001,70069,1948,02,99.6,Y,1948-02-1
IDCJAC0001,70069,1948,03,29.8,Y,1948-03-1
IDCJAC0001,70069,1948,04,48.8,Y,1948-04-1
IDCJAC0001,70069,1948,05,97.5,Y,1948-05-1
IDCJAC0001,70069,1948,06,95.3,Y,1948-06-1
IDCJAC0001,70069,1948,07,18.3,Y,1948-07-1
IDCJAC0001,70069,1948,08,45.6,Y,1948-08-1
IDCJAC0001,70069,1948,09,30,Y,1948-09-1
IDCJAC0001,70069,1948,10,54.2,Y,1948-10-1
IDCJAC0001,70069,1948,11,19.1,Y,1948-11-1
IDCJAC0001,70069,1948,12,100.9,Y,1948-12-1
IDCJAC0001,70069,1949,01,21.9,Y,1949-01-1
IDCJAC0001,70069,1949,02,66.5,Y,1949-02-1
IDCJAC0001,70069,1949,03,104.3,Y,1949-03-1
IDCJAC0001,70069,1949,04,13,Y,1949-04-1
IDCJAC0001,70069,1949,05,87.7,Y,1949-05-1
IDCJAC0001,70069,1949,06,92.7,Y,1949-06-1
IDCJAC0001,70069,1949,07,58.9,Y,1949-07-1
IDCJAC0001,70069,1949,08,16.9,Y,1949-08-1
IDCJAC0001,70069,1949,09,78.7,Y,1949-09-1
IDCJAC0001,70069,1949,10,102.4,Y,1949-10-1
IDCJAC0001,70069,1949,11,122,Y,1949-11-1
IDCJAC0001,70069,1949,12,76,Y,1949-12-1
IDCJAC0001,70069,1950,01,114.9,Y,1950-01-1
IDCJAC0001,70069,1950,02,109.3,Y,1950-02-1
IDCJAC0001,70069,1950,03,266,Y,1950-03-1
IDCJAC0001,70069,1950,04,139,Y,1950-04-1
IDCJAC0001,70069,1950,05,151.6,Y,1950-05-1
IDCJAC0001,70069,1950,06,123.5,Y,1950-06-1
IDCJAC0001,70069,1950,07,112.1,Y,1950-07-1
IDCJAC0001,70069,1950,08,51.8,Y,1950-08-1
IDCJAC0001,70069,1950,09,58.7,Y,1950-09-1
IDCJAC0001,70069,1950,10,180.5,Y,1950-10-1
IDCJAC0001,70069,1950,11,71.9,Y,1950-11-1
IDCJAC0001,70069,1950,12,19.8,Y,1950-12-1
IDCJAC0001,70069,1951,01,98.8,Y,1951-01-1
IDCJAC0001,70069,1951,02,30,Y,1951-02-1
IDCJAC0001,70069,1951,03,39.3,Y,1951-03-1
IDCJAC0001,70069,1951,04,35.5,Y,1951-04-1
IDCJAC0001,70069,1951,05,53.9,Y,1951-05-1
IDCJAC0001,70069,1951,06,179.3,Y,1951-06-1
IDCJAC0001,70069,1951,07,79.7,Y,1951-07-1
IDCJAC0001,70069,1951,08,117.3,Y,1951-08-1
IDCJAC0001,70069,1951,09,133.1,Y,1951-09-1
IDCJAC0001,70069,1951,10,87.9,Y,1951-10-1
IDCJAC0001,70069,1951,11,21.6,Y,1951-11-1
IDCJAC0001,70069,1951,12,21.4,Y,1951-12-1
IDCJAC0001,70069,1952,01,73.7,Y,1952-01-1
IDCJAC0001,70069,1952,02,50.4,Y,1952-02-1
IDCJAC0001,70069,1952,03,194,Y,1952-03-1
IDCJAC0001,70069,1952,04,170.2,Y,1952-04-1
IDCJAC0001,70069,1952,05,97.4,Y,1952-05-1
IDCJAC0001,70069,1952,06,208.1,Y,1952-06-1
IDCJAC0001,70069,1952,07,86.4,Y,1952-07-1
IDCJAC0001,70069,1952,08,115.3,Y,1952-08-1
IDCJAC0001,70069,1952,09,59.4,Y,1952-09-1
IDCJAC0001,70069,1952,10,125.3,Y,1952-10-1
IDCJAC0001,70069,1952,11,78.6,Y,1952-11-1
IDCJAC0001,70069,1952,12,143.6,Y,1952-12-1
IDCJAC0001,70069,1953,01,64.5,Y,1953-01-1
IDCJAC0001,70069,1953,02,25.6,Y,1953-02-1
IDCJAC0001,70069,1953,03,33.3,Y,1953-03-1
IDCJAC0001,70069,1953,04,17.6,Y,1953-04-1
IDCJAC0001,70069,1953,05,112.3,Y,1953-05-1
IDCJAC0001,70069,1953,06,42.4,Y,1953-06-1
IDCJAC0001,70069,1953,07,38,Y,1953-07-1
IDCJAC0001,70069,1953,08,42.4,Y,1953-08-1
IDCJAC0001,70069,1953,09,61.7,Y,1953-09-1
IDCJAC0001,70069,1953,10,57.9,Y,1953-10-1
IDCJAC0001,70069,1953,11,38.4,Y,1953-11-1
IDCJAC0001,70069,1953,12,36.1,Y,1953-12-1
IDCJAC0001,70069,1954,01,30.6,Y,1954-01-1
IDCJAC0001,70069,1954,02,122.6,Y,1954-02-1
IDCJAC0001,70069,1954,03,0,Y,1954-03-1
IDCJAC0001,70069,1954,04,33.4,Y,1954-04-1
IDCJAC0001,70069,1954,05,16.1,Y,1954-05-1
IDCJAC0001,70069,1954,06,38.2,Y,1954-06-1
IDCJAC0001,70069,1954,07,31.9,Y,1954-07-1
IDCJAC0001,70069,1954,08,41.2,Y,1954-08-1
IDCJAC0001,70069,1954,09,24.6,Y,1954-09-1
IDCJAC0001,70069,1954,10,50.2,Y,1954-10-1
IDCJAC0001,70069,1954,11,153.5,Y,1954-11-1
IDCJAC0001,70069,1954,12,23.8,Y,1954-12-1
IDCJAC0001,70069,1955,01,58.5,Y,1955-01-1
IDCJAC0001,70069,1955,02,154.6,Y,1955-02-1
IDCJAC0001,70069,1955,03,135.2,Y,1955-03-1
IDCJAC0001,70069,1955,04,30.2,Y,1955-04-1
IDCJAC0001,70069,1955,05,168.1,Y,1955-05-1
IDCJAC0001,70069,1955,06,60.2,Y,1955-06-1
IDCJAC0001,70069,1955,07,43.8,Y,1955-07-1
IDCJAC0001,70069,1955,08,130.2,Y,1955-08-1
IDCJAC0001,70069,1955,09,36,Y,1955-09-1
IDCJAC0001,70069,1955,10,113.4,Y,1955-10-1
IDCJAC0001,70069,1955,11,101.7,Y,1955-11-1
IDCJAC0001,70069,1955,12,51.7,Y,1955-12-1
IDCJAC0001,70069,1956,01,83,Y,1956-01-1
IDCJAC0001,70069,1956,02,171.5,Y,1956-02-1
IDCJAC0001,70069,1956,03,166.2,Y,1956-03-1
IDCJAC0001,70069,1956,04,113.9,Y,1956-04-1
IDCJAC0001,70069,1956,05,83,Y,1956-05-1
IDCJAC0001,70069,1956,06,145.1,Y,1956-06-1
IDCJAC0001,70069,1956,07,95.7,Y,1956-07-1
IDCJAC0001,70069,1956,08,92.3,Y,1956-08-1
IDCJAC0001,70069,1956,09,86.1,Y,1956-09-1
IDCJAC0001,70069,1956,10,104.6,Y,1956-10-1
IDCJAC0001,70069,1956,11,27.7,Y,1956-11-1
IDCJAC0001,70069,1956,12,15.5,Y,1956-12-1
IDCJAC0001,70069,1957,01,28.4,Y,1957-01-1
IDCJAC0001,70069,1957,02,43.1,Y,1957-02-1
IDCJAC0001,70069,1957,03,31.8,Y,1957-03-1
IDCJAC0001,70069,1957,04,14,Y,1957-04-1
IDCJAC0001,70069,1957,05,14.6,Y,1957-05-1
IDCJAC0001,70069,1957,06,47.7,Y,1957-06-1
IDCJAC0001,70069,1957,07,71.9,Y,1957-07-1
IDCJAC0001,70069,1957,08,77.5,Y,1957-08-1
IDCJAC0001,70069,1957,09,14.6,Y,1957-09-1
IDCJAC0001,70069,1957,10,32.6,Y,1957-10-1
IDCJAC0001,70069,1957,11,29.7,Y,1957-11-1
IDCJAC0001,70069,1957,12,63.8,Y,1957-12-1
IDCJAC0001,70069,1958,01,101.1,Y,1958-01-1
IDCJAC0001,70069,1958,02,39.4,Y,1958-02-1
IDCJAC0001,70069,1958,03,40.2,Y,1958-03-1
IDCJAC0001,70069,1958,04,62.3,Y,1958-04-1
IDCJAC0001,70069,1958,05,62.5,Y,1958-05-1
IDCJAC0001,70069,1958,06,85.9,Y,1958-06-1
IDCJAC0001,70069,1958,07,100.1,Y,1958-07-1
IDCJAC0001,70069,1958,08,79,Y,1958-08-1
IDCJAC0001,70069,1958,09,47.8,Y,1958-09-1
IDCJAC0001,70069,1958,10,78.6,Y,1958-10-1
IDCJAC0001,70069,1958,11,33.3,Y,1958-11-1
IDCJAC0001,70069,1958,12,97.1,Y,1958-12-1
IDCJAC0001,70069,1959,01,72.3,Y,1959-01-1
IDCJAC0001,70069,1959,02,204.9,Y,1959-02-1
IDCJAC0001,70069,1959,03,77.7,Y,1959-03-1
IDCJAC0001,70069,1959,04,96.8,Y,1959-04-1
IDCJAC0001,70069,1959,05,9.7,Y,1959-05-1
IDCJAC0001,70069,1959,06,98.6,Y,1959-06-1
IDCJAC0001,70069,1959,07,107.3,Y,1959-07-1
IDCJAC0001,70069,1959,08,35.5,Y,1959-08-1
IDCJAC0001,70069,1959,09,55,Y,1959-09-1
IDCJAC0001,70069,1959,10,150.8,Y,1959-10-1
IDCJAC0001,70069,1959,11,100.5,Y,1959-11-1
IDCJAC0001,70069,1959,12,15,Y,1959-12-1
IDCJAC0001,70069,1960,01,88,Y,1960-01-1
IDCJAC0001,70069,1960,02,71.3,Y,1960-02-1
IDCJAC0001,70069,1960,03,27.3,Y,1960-03-1
IDCJAC0001,70069,1960,04,46.2,Y,1960-04-1
IDCJAC0001,70069,1960,05,144.5,Y,1960-05-1
IDCJAC0001,70069,1960,06,34.8,Y,1960-06-1
IDCJAC0001,70069,1960,07,166.7,Y,1960-07-1
IDCJAC0001,70069,1960,08,95.3,Y,1960-08-1
IDCJAC0001,70069,1960,09,130.1,Y,1960-09-1
IDCJAC0001,70069,1960,10,88.2,Y,1960-10-1
IDCJAC0001,70069,1960,11,73.2,Y,1960-11-1
IDCJAC0001,70069,1960,12,138,Y,1960-12-1
IDCJAC0001,70069,1961,01,41.3,Y,1961-01-1
IDCJAC0001,70069,1961,02,57.7,Y,1961-02-1
IDCJAC0001,70069,1961,03,85.3,Y,1961-03-1
IDCJAC0001,70069,1961,04,33.3,Y,1961-04-1
IDCJAC0001,70069,1961,05,12.7,Y,1961-05-1
IDCJAC0001,70069,1961,06,61,Y,1961-06-1
IDCJAC0001,70069,1961,07,101.3,Y,1961-07-1
IDCJAC0001,70069,1961,08,69.3,Y,1961-08-1
IDCJAC0001,70069,1961,09,35,Y,1961-09-1
IDCJAC0001,70069,1961,10,65.6,Y,1961-10-1
IDCJAC0001,70069,1961,11,247.9,Y,1961-11-1
IDCJAC0001,70069,1961,12,134,Y,1961-12-1
IDCJAC0001,70069,1962,01,190.7,Y,1962-01-1
IDCJAC0001,70069,1962,02,64.3,Y,1962-02-1
IDCJAC0001,70069,1962,03,18.1,Y,1962-03-1
IDCJAC0001,70069,1962,04,36.9,Y,1962-04-1
IDCJAC0001,70069,1962,05,85.9,Y,1962-05-1
IDCJAC0001,70069,1962,06,15.8,Y,1962-06-1
IDCJAC0001,70069,1962,07,38.8,Y,1962-07-1
IDCJAC0001,70069,1962,08,93.3,Y,1962-08-1
IDCJAC0001,70069,1962,09,75,Y,1962-09-1
IDCJAC0001,70069,1962,10,50,Y,1962-10-1
IDCJAC0001,70069,1962,11,21.4,Y,1962-11-1
IDCJAC0001,70069,1962,12,112,Y,1962-12-1
IDCJAC0001,70069,1963,01,100.7,Y,1963-01-1
IDCJAC0001,70069,1963,02,47.2,Y,1963-02-1
IDCJAC0001,70069,1963,03,54.2,Y,1963-03-1
IDCJAC0001,70069,1963,04,52.6,Y,1963-04-1
IDCJAC0001,70069,1963,05,91.6,Y,1963-05-1
IDCJAC0001,70069,1963,06,76.5,Y,1963-06-1
IDCJAC0001,70069,1963,07,75.5,Y,1963-07-1
IDCJAC0001,70069,1963,08,106.9,Y,1963-08-1
IDCJAC0001,70069,1963,09,95.2,Y,1963-09-1
IDCJAC0001,70069,1963,10,60.4,Y,1963-10-1
IDCJAC0001,70069,1963,11,49.3,Y,1963-11-1
IDCJAC0001,70069,1963,12,81.9,Y,1963-12-1
IDCJAC0001,70069,1964,01,54.3,Y,1964-01-1
IDCJAC0001,70069,1964,02,15.1,Y,1964-02-1
IDCJAC0001,70069,1964,03,55.6,Y,1964-03-1
IDCJAC0001,70069,1964,04,99.4,Y,1964-04-1
IDCJAC0001,70069,1964,05,40.9,Y,1964-05-1
IDCJAC0001,70069,1964,06,98.3,Y,1964-06-1
IDCJAC0001,70069,1964,07,147.7,Y,1964-07-1
IDCJAC0001,70069,1964,08,65.9,Y,1964-08-1
IDCJAC0001,70069,1964,09,101.1,Y,1964-09-1
IDCJAC0001,70069,1964,10,113.4,Y,1964-10-1
IDCJAC0001,70069,1964,11,11.2,Y,1964-11-1
IDCJAC0001,70069,1964,12,41.4,Y,1964-12-1
IDCJAC0001,70069,1965,01,1.8,Y,1965-01-1
IDCJAC0001,70069,1965,02,0.6,Y,1965-02-1
IDCJAC0001,70069,1965,03,4.6,Y,1965-03-1
IDCJAC0001,70069,1965,04,122.8,Y,1965-04-1
IDCJAC0001,70069,1965,05,19.2,Y,1965-05-1
IDCJAC0001,70069,1965,06,25.9,Y,1965-06-1
IDCJAC0001,70069,1965,07,30.8,Y,1965-07-1
IDCJAC0001,70069,1965,08,37.3,Y,1965-08-1
IDCJAC0001,70069,1965,09,52.6,Y,1965-09-1
IDCJAC0001,70069,1965,10,158,Y,1965-10-1
IDCJAC0001,70069,1965,11,39.9,Y,1965-11-1
IDCJAC0001,70069,1965,12,80,Y,1965-12-1
IDCJAC0001,70069,1966,01,24.9,Y,1966-01-1
IDCJAC0001,70069,1966,02,65.5,Y,1966-02-1
IDCJAC0001,70069,1966,03,89.8,Y,1966-03-1
IDCJAC0001,70069,1966,04,18,Y,1966-04-1
IDCJAC0001,70069,1966,05,26.6,Y,1966-05-1
IDCJAC0001,70069,1966,06,74.8,Y,1966-06-1
IDCJAC0001,70069,1966,07,53.2,Y,1966-07-1
IDCJAC0001,70069,1966,08,61.4,Y,1966-08-1
IDCJAC0001,70069,1966,09,63.7,Y,1966-09-1
IDCJAC0001,70069,1966,10,111,Y,1966-10-1
IDCJAC0001,70069,1966,11,142.9,Y,1966-11-1
IDCJAC0001,70069,1966,12,110.5,Y,1966-12-1
IDCJAC0001,70069,1967,01,58.4,Y,1967-01-1
IDCJAC0001,70069,1967,02,18.5,Y,1967-02-1
IDCJAC0001,70069,1967,03,11.7,Y,1967-03-1
IDCJAC0001,70069,1967,04,8.5,Y,1967-04-1
IDCJAC0001,70069,1967,05,23.2,Y,1967-05-1
IDCJAC0001,70069,1967,06,64.6,Y,1967-06-1
IDCJAC0001,70069,1967,07,23.6,Y,1967-07-1
IDCJAC0001,70069,1967,08,118.7,Y,1967-08-1
IDCJAC0001,70069,1967,09,76.7,Y,1967-09-1
IDCJAC0001,70069,1967,10,66.9,Y,1967-10-1
IDCJAC0001,70069,1967,11,20.9,Y,1967-11-1
IDCJAC0001,70069,1967,12,1.3,Y,1967-12-1
IDCJAC0001,70069,1968,01,114.5,Y,1968-01-1
IDCJAC0001,70069,1968,02,0,Y,1968-02-1
IDCJAC0001,70069,1968,03,23.1,Y,1968-03-1
IDCJAC0001,70069,1968,04,63.3,Y,1968-04-1
IDCJAC0001,70069,1968,05,152.9,Y,1968-05-1
IDCJAC0001,70069,1968,06,44,Y,1968-06-1
IDCJAC0001,70069,1968,07,41.7,Y,1968-07-1
IDCJAC0001,70069,1968,08,96.3,Y,1968-08-1
IDCJAC0001,70069,1968,09,20.9,Y,1968-09-1
IDCJAC0001,70069,1968,10,100.6,Y,1968-10-1
IDCJAC0001,70069,1968,11,36.6,Y,1968-11-1
IDCJAC0001,70069,1968,12,117.6,Y,1968-12-1
IDCJAC0001,70069,1969,01,58.4,Y,1969-01-1
IDCJAC0001,70069,1969,02,127.9,Y,1969-02-1
IDCJAC0001,70069,1969,03,107.1,Y,1969-03-1
IDCJAC0001,70069,1969,04,65.9,Y,1969-04-1
IDCJAC0001,70069,1969,05,73.4,Y,1969-05-1
IDCJAC0001,70069,1969,06,56.3,Y,1969-06-1
IDCJAC0001,70069,1969,07,64.7,Y,1969-07-1
IDCJAC0001,70069,1969,08,75.1,Y,1969-08-1
IDCJAC0001,70069,1969,09,43.1,Y,1969-09-1
IDCJAC0001,70069,1969,10,142.1,Y,1969-10-1
IDCJAC0001,70069,1969,11,71.6,Y,1969-11-1
IDCJAC0001,70069,1969,12,61.9,Y,1969-12-1
IDCJAC0001,70069,1970,01,132.7,Y,1970-01-1
IDCJAC0001,70069,1970,02,65.4,Y,1970-02-1
IDCJAC0001,70069,1970,03,75.2,Y,1970-03-1
IDCJAC0001,70069,1970,04,58.5,Y,1970-04-1
IDCJAC0001,70069,1970,05,72.9,Y,1970-05-1
IDCJAC0001,70069,1970,06,44,Y,1970-06-1
IDCJAC0001,70069,1970,07,6.9,Y,1970-07-1
IDCJAC0001,70069,1970,08,99.4,Y,1970-08-1
IDCJAC0001,70069,1970,09,117.2,Y,1970-09-1
IDCJAC0001,70069,1970,10,60,Y,1970-10-1
IDCJAC0001,70069,1970,11,68.5,Y,1970-11-1
IDCJAC0001,70069,1970,12,155.2,Y,1970-12-1
IDCJAC0001,70069,1971,01,160.7,Y,1971-01-1
IDCJAC0001,70069,1971,02,87.6,Y,1971-02-1
IDCJAC0001,70069,1971,03,20.4,Y,1971-03-1
IDCJAC0001,70069,1971,04,24.1,Y,1971-04-1
IDCJAC0001,70069,1971,05,39.9,Y,1971-05-1
IDCJAC0001,70069,1971,06,9.4,Y,1971-06-1
IDCJAC0001,70069,1971,07,8.1,Y,1971-07-1
IDCJAC0001,70069,1971,08,70.1,Y,1971-08-1
IDCJAC0001,70069,1971,09,55.9,Y,1971-09-1
IDCJAC0001,70069,1971,10,22.7,Y,1971-10-1
IDCJAC0001,70069,1971,11,99.7,Y,1971-11-1
IDCJAC0001,70069,1971,12,129.9,Y,1971-12-1
IDCJAC0001,70069,1972,01,118.5,Y,1972-01-1
IDCJAC0001,70069,1972,02,29.6,Y,1972-02-1
IDCJAC0001,70069,1972,03,8.4,Y,1972-03-1
IDCJAC0001,70069,1972,04,56.2,Y,1972-04-1
IDCJAC0001,70069,1972,05,39.2,Y,1972-05-1
IDCJAC0001,70069,1972,06,8.1,Y,1972-06-1
IDCJAC0001,70069,1972,07,17.2,Y,1972-07-1
IDCJAC0001,70069,1972,08,68.1,Y,1972-08-1
IDCJAC0001,70069,1972,09,28,Y,1972-09-1
IDCJAC0001,70069,1972,10,57,Y,1972-10-1
IDCJAC0001,70069,1972,11,29.4,Y,1972-11-1
IDCJAC0001,70069,1972,12,19.6,Y,1972-12-1
IDCJAC0001,70069,1973,01,51.3,Y,1973-01-1
IDCJAC0001,70069,1973,02,169.7,Y,1973-02-1
IDCJAC0001,70069,1973,03,62.6,Y,1973-03-1
IDCJAC0001,70069,1973,04,27.5,Y,1973-04-1
IDCJAC0001,70069,1973,05,17.8,Y,1973-05-1
IDCJAC0001,70069,1973,06,85,Y,1973-06-1
IDCJAC0001,70069,1973,07,34.3,Y,1973-07-1
IDCJAC0001,70069,1973,08,88.7,Y,1973-08-1
IDCJAC0001,70069,1973,09,35.7,Y,1973-09-1
IDCJAC0001,70069,1973,10,85.6,Y,1973-10-1
IDCJAC0001,70069,1973,11,125,Y,1973-11-1
IDCJAC0001,70069,1973,12,56.8,Y,1973-12-1
IDCJAC0001,70069,1974,01,73.1,Y,1974-01-1
IDCJAC0001,70069,1974,02,103,Y,1974-02-1
IDCJAC0001,70069,1974,03,58,Y,1974-03-1
IDCJAC0001,70069,1974,04,223.8,Y,1974-04-1
IDCJAC0001,70069,1974,05,126.1,Y,1974-05-1
IDCJAC0001,70069,1974,06,33.8,Y,1974-06-1
IDCJAC0001,70069,1974,07,104.4,Y,1974-07-1
IDCJAC0001,70069,1974,08,151.2,Y,1974-08-1
IDCJAC0001,70069,1974,09,113.5,Y,1974-09-1
IDCJAC0001,70069,1974,10,102.1,Y,1974-10-1
IDCJAC0001,70069,1974,11,85.4,Y,1974-11-1
IDCJAC0001,70069,1974,12,0,Y,1974-12-1
IDCJAC0001,70069,1975,01,55,Y,1975-01-1
IDCJAC0001,70069,1975,02,49.7,Y,1975-02-1
IDCJAC0001,70069,1975,03,61.2,Y,1975-03-1
IDCJAC0001,70069,1975,04,65.4,Y,1975-04-1
IDCJAC0001,70069,1975,05,17.6,Y,1975-05-1
IDCJAC0001,70069,1975,06,147.6,Y,1975-06-1
IDCJAC0001,70069,1975,07,89.2,Y,1975-07-1
IDCJAC0001,70069,1975,08,66.2,Y,1975-08-1
IDCJAC0001,70069,1975,09,99,Y,1975-09-1
IDCJAC0001,70069,1975,10,126.2,Y,1975-10-1
IDCJAC0001,70069,1975,11,32.6,Y,1975-11-1
IDCJAC0001,70069,1975,12,11,Y,1975-12-1
IDCJAC0001,70069,1976,01,205.8,Y,1976-01-1
IDCJAC0001,70069,1976,02,70,Y,1976-02-1
IDCJAC0001,70069,1976,03,62.6,Y,1976-03-1
IDCJAC0001,70069,1976,04,40.6,Y,1976-04-1
IDCJAC0001,70069,1976,05,8,Y,1976-05-1
IDCJAC0001,70069,1976,06,51.8,Y,1976-06-1
IDCJAC0001,70069,1976,07,68.4,Y,1976-07-1
IDCJAC0001,70069,1976,08,37,Y,1976-08-1
IDCJAC0001,70069,1976,09,69.4,Y,1976-09-1
IDCJAC0001,70069,1976,10,143,Y,1976-10-1
IDCJAC0001,70069,1976,11,70.2,Y,1976-11-1
IDCJAC0001,70069,1976,12,18,Y,1976-12-1
IDCJAC0001,70069,1977,01,33.8,Y,1977-01-1
IDCJAC0001,70069,1977,02,57.4,Y,1977-02-1
IDCJAC0001,70069,1977,03,65.6,Y,1977-03-1
IDCJAC0001,70069,1977,04,25.2,Y,1977-04-1
IDCJAC0001,70069,1977,05,87.4,Y,1977-05-1
IDCJAC0001,70069,1977,06,79.6,Y,1977-06-1
IDCJAC0001,70069,1977,07,32.6,Y,1977-07-1
IDCJAC0001,70069,1977,08,36.8,Y,1977-08-1
IDCJAC0001,70069,1977,09,79.6,Y,1977-09-1
IDCJAC0001,70069,1977,10,6.2,Y,1977-10-1
IDCJAC0001,70069,1977,11,9.2,Y,1977-11-1
IDCJAC0001,70069,1977,12,7.4,Y,1977-12-1
IDCJAC0001,70069,1978,01,197.4,Y,1978-01-1
IDCJAC0001,70069,1978,02,1.2,Y,1978-02-1
IDCJAC0001,70069,1978,03,102,Y,1978-03-1
IDCJAC0001,70069,1978,04,19.8,Y,1978-04-1
IDCJAC0001,70069,1978,05,79.4,Y,1978-05-1
IDCJAC0001,70069,1978,06,103.6,Y,1978-06-1
IDCJAC0001,70069,1978,07,94.8,Y,1978-07-1
IDCJAC0001,70069,1978,08,26.2,Y,1978-08-1
IDCJAC0001,70069,1978,09,99.8,Y,1978-09-1
IDCJAC0001,70069,1978,10,45.4,Y,1978-10-1
IDCJAC0001,70069,1978,11,85.4,Y,1978-11-1
IDCJAC0001,70069,1978,12,33.4,Y,1978-12-1
IDCJAC0001,70069,1979,01,4.4,Y,1979-01-1
IDCJAC0001,70069,1979,02,4.6,Y,1979-02-1
IDCJAC0001,70069,1979,03,45.8,Y,1979-03-1
IDCJAC0001,70069,1979,04,34.2,Y,1979-04-1
IDCJAC0001,70069,1979,05,20.6,Y,1979-05-1
IDCJAC0001,70069,1979,06,13.6,Y,1979-06-1
IDCJAC0001,70069,1979,07,49.6,Y,1979-07-1
IDCJAC0001,70069,1979,08,39,Y,1979-08-1
IDCJAC0001,70069,1979,09,45.2,Y,1979-09-1
IDCJAC0001,70069,1979,10,64,Y,1979-10-1
IDCJAC0001,70069,1979,11,58.6,Y,1979-11-1
IDCJAC0001,70069,1979,12,1.2,Y,1979-12-1
IDCJAC0001,70069,1980,01,75.6,Y,1980-01-1
IDCJAC0001,70069,1980,02,53.2,Y,1980-02-1
IDCJAC0001,70069,1980,03,75.4,Y,1980-03-1
IDCJAC0001,70069,1980,04,3,Y,1980-04-1
IDCJAC0001,70069,1980,05,76,Y,1980-05-1
IDCJAC0001,70069,1980,06,50.6,Y,1980-06-1
IDCJAC0001,70069,1980,07,46.2,Y,1980-07-1
IDCJAC0001,70069,1980,08,25.8,Y,1980-08-1
IDCJAC0001,70069,1980,09,51.2,Y,1980-09-1
IDCJAC0001,70069,1980,10,67.8,Y,1980-10-1
IDCJAC0001,70069,1980,11,24.8,Y,1980-11-1
IDCJAC0001,70069,1980,12,35,Y,1980-12-1
IDCJAC0001,70069,1981,01,31,Y,1981-01-1
IDCJAC0001,70069,1981,02,77,Y,1981-02-1
IDCJAC0001,70069,1981,03,6.4,Y,1981-03-1
IDCJAC0001,70069,1981,04,18,Y,1981-04-1
IDCJAC0001,70069,1981,05,44.6,Y,1981-05-1
IDCJAC0001,70069,1981,06,97.6,Y,1981-06-1
IDCJAC0001,70069,1981,07,108.2,Y,1981-07-1
IDCJAC0001,70069,1981,08,77.2,Y,1981-08-1
IDCJAC0001,70069,1981,09,33,Y,1981-09-1
IDCJAC0001,70069,1981,10,52.8,Y,1981-10-1
IDCJAC0001,70069,1981,11,110.4,Y,1981-11-1
IDCJAC0001,70069,1981,12,124.7,Y,1981-12-1
IDCJAC0001,70069,1982,01,63.2,Y,1982-01-1
IDCJAC0001,70069,1982,02,9.6,Y,1982-02-1
IDCJAC0001,70069,1982,03,86.2,Y,1982-03-1
IDCJAC0001,70069,1982,04,22.4,Y,1982-04-1
IDCJAC0001,70069,1982,05,9.8,Y,1982-05-1
IDCJAC0001,70069,1982,06,24.8,Y,1982-06-1
IDCJAC0001,70069,1982,07,14.2,Y,1982-07-1
IDCJAC0001,70069,1982,08,14.4,Y,1982-08-1
IDCJAC0001,70069,1982,09,78.6,Y,1982-09-1
IDCJAC0001,70069,1982,10,20.8,Y,1982-10-1
IDCJAC0001,70069,1982,11,2.4,Y,1982-11-1
IDCJAC0001,70069,1982,12,14.2,Y,1982-12-1
IDCJAC0001,70069,1983,01,28.6,Y,1983-01-1
IDCJAC0001,70069,1983,02,39.4,Y,1983-02-1
IDCJAC0001,70069,1983,03,71.4,Y,1983-03-1
IDCJAC0001,70069,1983,04,32,Y,1983-04-1
IDCJAC0001,70069,1983,05,93.7,Y,1983-05-1
IDCJAC0001,70069,1983,06,38.2,Y,1983-06-1
IDCJAC0001,70069,1983,07,34.2,Y,1983-07-1
IDCJAC0001,70069,1983,08,37.4,Y,1983-08-1
IDCJAC0001,70069,1983,09,73.4,Y,1983-09-1
IDCJAC0001,70069,1983,10,89.5,Y,1983-10-1
IDCJAC0001,70069,1983,11,100.4,Y,1983-11-1
IDCJAC0001,70069,1983,12,119,Y,1983-12-1
IDCJAC0001,70069,1984,01,148.2,Y,1984-01-1
IDCJAC0001,70069,1984,02,107.2,Y,1984-02-1
IDCJAC0001,70069,1984,03,37.6,Y,1984-03-1
IDCJAC0001,70069,1984,04,97.4,Y,1984-04-1
IDCJAC0001,70069,1984,05,34.6,Y,1984-05-1
IDCJAC0001,70069,1984,06,41.6,Y,1984-06-1
IDCJAC0001,70069,1984,07,125,Y,1984-07-1
IDCJAC0001,70069,1984,08,90.4,Y,1984-08-1
IDCJAC0001,70069,1984,09,61.2,Y,1984-09-1
IDCJAC0001,70069,1984,10,79,Y,1984-10-1
IDCJAC0001,70069,1984,11,54.6,Y,1984-11-1
IDCJAC0001,70069,1984,12,41.2,Y,1984-12-1
IDCJAC0001,70069,1985,01,25,Y,1985-01-1
IDCJAC0001,70069,1985,02,9,Y,1985-02-1
IDCJAC0001,70069,1985,03,56.7,Y,1985-03-1
IDCJAC0001,70069,1985,04,20,Y,1985-04-1
IDCJAC0001,70069,1985,05,44.4,Y,1985-05-1
IDCJAC0001,70069,1985,06,43.6,Y,1985-06-1
IDCJAC0001,70069,1985,07,33.2,Y,1985-07-1
IDCJAC0001,70069,1985,08,100.4,Y,1985-08-1
IDCJAC0001,70069,1985,09,83.1,Y,1985-09-1
IDCJAC0001,70069,1985,10,81.4,Y,1985-10-1
IDCJAC0001,70069,1985,11,67.8,Y,1985-11-1
IDCJAC0001,70069,1985,12,59.8,Y,1985-12-1
IDCJAC0001,70069,1986,01,94.1,Y,1986-01-1
IDCJAC0001,70069,1986,02,1.2,Y,1986-02-1
IDCJAC0001,70069,1986,03,0.8,Y,1986-03-1
IDCJAC0001,70069,1986,04,36.8,Y,1986-04-1
IDCJAC0001,70069,1986,05,53,Y,1986-05-1
IDCJAC0001,70069,1986,06,14.2,Y,1986-06-1
IDCJAC0001,70069,1986,07,111.8,Y,1986-07-1
IDCJAC0001,70069,1986,08,82.3,Y,1986-08-1
IDCJAC0001,70069,1986,09,60.5,Y,1986-09-1
IDCJAC0001,70069,1986,10,86.6,Y,1986-10-1
IDCJAC0001,70069,1986,11,100,Y,1986-11-1
IDCJAC0001,70069,1986,12,41.5,Y,1986-12-1
IDCJAC0001,70069,1987,01,31.2,Y,1987-01-1
IDCJAC0001,70069,1987,02,33.4,Y,1987-02-1
IDCJAC0001,70069,1987,03,61.8,Y,1987-03-1
IDCJAC0001,70069,1987,04,4.4,Y,1987-04-1
IDCJAC0001,70069,1987,05,59.3,Y,1987-05-1
IDCJAC0001,70069,1987,06,43.7,Y,1987-06-1
IDCJAC0001,70069,1987,07,69.4,Y,1987-07-1
IDCJAC0001,70069,1987,08,79.4,Y,1987-08-1
IDCJAC0001,70069,1987,09,30.6,Y,1987-09-1
IDCJAC0001,70069,1987,10,81.7,Y,1987-10-1
IDCJAC0001,70069,1987,11,51.8,Y,1987-11-1
IDCJAC0001,70069,1987,12,74.7,Y,1987-12-1
IDCJAC0001,70069,1988,01,30,Y,1988-01-1
IDCJAC0001,70069,1988,02,21.4,Y,1988-02-1
IDCJAC0001,70069,1988,03,20.9,Y,1988-03-1
IDCJAC0001,70069,1988,04,122.9,Y,1988-04-1
IDCJAC0001,70069,1988,05,70,Y,1988-05-1
IDCJAC0001,70069,1988,06,45.6,Y,1988-06-1
IDCJAC0001,70069,1988,07,62,Y,1988-07-1
IDCJAC0001,70069,1988,08,79,Y,1988-08-1
IDCJAC0001,70069,1988,09,86.3,Y,1988-09-1
IDCJAC0001,70069,1988,10,28.2,Y,1988-10-1
IDCJAC0001,70069,1988,11,173,Y,1988-11-1
IDCJAC0001,70069,1988,12,61.1,Y,1988-12-1
IDCJAC0001,70069,1989,01,48.5,Y,1989-01-1
IDCJAC0001,70069,1989,02,20.7,Y,1989-02-1
IDCJAC0001,70069,1989,03,138.4,Y,1989-03-1
IDCJAC0001,70069,1989,04,128,Y,1989-04-1
IDCJAC0001,70069,1989,05,46.8,Y,1989-05-1
IDCJAC0001,70069,1989,06,43.2,Y,1989-06-1
IDCJAC0001,70069,1989,07,58.2,Y,1989-07-1
IDCJAC0001,70069,1989,08,58.7,Y,1989-08-1
IDCJAC0001,70069,1989,09,23,Y,1989-09-1
IDCJAC0001,70069,1989,10,36.9,Y,1989-10-1
IDCJAC0001,70069,1989,11,38.7,Y,1989-11-1
IDCJAC0001,70069,1989,12,51.8,Y,1989-12-1
IDCJAC0001,70069,1990,01,53.9,Y,1990-01-1
IDCJAC0001,70069,1990,02,116.8,Y,1990-02-1
IDCJAC0001,70069,1990,03,28,Y,1990-03-1
IDCJAC0001,70069,1990,04,135.9,Y,1990-04-1
IDCJAC0001,70069,1990,05,94.2,Y,1990-05-1
IDCJAC0001,70069,1990,06,38.7,Y,1990-06-1
IDCJAC0001,70069,1990,07,99.7,Y,1990-07-1
IDCJAC0001,70069,1990,08,153.3,Y,1990-08-1
IDCJAC0001,70069,1990,09,58.2,Y,1990-09-1
IDCJAC0001,70069,1990,10,43.6,Y,1990-10-1
IDCJAC0001,70069,1990,11,21.3,Y,1990-11-1
IDCJAC0001,70069,1990,12,17.5,Y,1990-12-1
IDCJAC0001,70069,1991,01,53.6,Y,1991-01-1
IDCJAC0001,70069,1991,02,59,Y,1991-02-1
IDCJAC0001,70069,1991,03,7.5,Y,1991-03-1
IDCJAC0001,70069,1991,04,13.1,Y,1991-04-1
IDCJAC0001,70069,1991,05,24.5,Y,1991-05-1
IDCJAC0001,70069,1991,06,83.2,Y,1991-06-1
IDCJAC0001,70069,1991,07,84.5,Y,1991-07-1
IDCJAC0001,70069,1991,08,123.7,Y,1991-08-1
IDCJAC0001,70069,1991,09,67.8,Y,1991-09-1
IDCJAC0001,70069,1991,10,9.6,Y,1991-10-1
IDCJAC0001,70069,1991,11,50.7,Y,1991-11-1
IDCJAC0001,70069,1991,12,41.8,Y,1991-12-1
IDCJAC0001,70069,1992,01,127.9,Y,1992-01-1
IDCJAC0001,70069,1992,02,71.3,Y,1992-02-1
IDCJAC0001,70069,1992,03,58.3,Y,1992-03-1
IDCJAC0001,70069,1992,04,15.7,Y,1992-04-1
IDCJAC0001,70069,1992,05,36.8,Y,1992-05-1
IDCJAC0001,70069,1992,06,49.2,Y,1992-06-1
IDCJAC0001,70069,1992,07,23.2,Y,1992-07-1
IDCJAC0001,70069,1992,08,101.2,Y,1992-08-1
IDCJAC0001,70069,1992,09,58.9,Y,1992-09-1
IDCJAC0001,70069,1992,10,82.5,Y,1992-10-1
IDCJAC0001,70069,1992,11,66.7,Y,1992-11-1
IDCJAC0001,70069,1992,12,116.1,Y,1992-12-1
IDCJAC0001,70069,1993,01,37.8,Y,1993-01-1
IDCJAC0001,70069,1993,02,21.9,Y,1993-02-1
IDCJAC0001,70069,1993,03,54.4,Y,1993-03-1
IDCJAC0001,70069,1993,04,2.1,Y,1993-04-1
IDCJAC0001,70069,1993,05,23.6,Y,1993-05-1
IDCJAC0001,70069,1993,06,49.3,Y,1993-06-1
IDCJAC0001,70069,1993,07,94.1,Y,1993-07-1
IDCJAC0001,70069,1993,08,33.5,Y,1993-08-1
IDCJAC0001,70069,1993,09,82.1,Y,1993-09-1
IDCJAC0001,70069,1993,10,56,Y,1993-10-1
IDCJAC0001,70069,1993,11,90.7,Y,1993-11-1
IDCJAC0001,70069,1993,12,84.4,Y,1993-12-1
IDCJAC0001,70069,1994,01,13.9,Y,1994-01-1
IDCJAC0001,70069,1994,02,77.1,Y,1994-02-1
IDCJAC0001,70069,1994,03,33.9,Y,1994-03-1
IDCJAC0001,70069,1994,04,79.1,Y,1994-04-1
IDCJAC0001,70069,1994,05,19.2,Y,1994-05-1
IDCJAC0001,70069,1994,06,50.1,Y,1994-06-1
IDCJAC0001,70069,1994,07,28.2,Y,1994-07-1
IDCJAC0001,70069,1994,08,11.3,Y,1994-08-1
IDCJAC0001,70069,1994,09,7.7,Y,1994-09-1
IDCJAC0001,70069,1994,10,36.7,Y,1994-10-1
IDCJAC0001,70069,1994,11,83.1,Y,1994-11-1
IDCJAC0001,70069,1994,12,28,Y,1994-12-1
IDCJAC0001,70069,1995,01,74,Y,1995-01-1
IDCJAC0001,70069,1995,02,15.4,Y,1995-02-1
IDCJAC0001,70069,1995,03,5.5,Y,1995-03-1
IDCJAC0001,70069,1995,04,7.6,Y,1995-04-1
IDCJAC0001,70069,1995,05,126.6,Y,1995-05-1
IDCJAC0001,70069,1995,06,51.7,Y,1995-06-1
IDCJAC0001,70069,1995,07,107.7,Y,1995-07-1
IDCJAC0001,70069,1995,08,7.9,Y,1995-08-1
IDCJAC0001,70069,1995,09,92.5,Y,1995-09-1
IDCJAC0001,70069,1995,10,45.7,Y,1995-10-1
IDCJAC0001,70069,1995,11,102.8,Y,1995-11-1
IDCJAC0001,70069,1995,12,80.9,Y,1995-12-1
IDCJAC0001,70069,1996,01,110.8,Y,1996-01-1
IDCJAC0001,70069,1996,02,28.3,Y,1996-02-1
IDCJAC0001,70069,1996,03,46.3,Y,1996-03-1
IDCJAC0001,70069,1996,04,37.5,Y,1996-04-1
IDCJAC0001,70069,1996,05,60.2,Y,1996-05-1
IDCJAC0001,70069,1996,06,59,Y,1996-06-1
IDCJAC0001,70069,1996,07,62.8,Y,1996-07-1
IDCJAC0001,70069,1996,08,49.7,Y,1996-08-1
IDCJAC0001,70069,1996,09,102.3,Y,1996-09-1
IDCJAC0001,70069,1996,10,90.3,Y,1996-10-1
IDCJAC0001,70069,1996,11,64.7,Y,1996-11-1
IDCJAC0001,70069,1996,12,67.5,Y,1996-12-1
IDCJAC0001,70069,1997,01,81.4,Y,1997-01-1
IDCJAC0001,70069,1997,02,17.9,Y,1997-02-1
IDCJAC0001,70069,1997,03,22.2,Y,1997-03-1
IDCJAC0001,70069,1997,04,0,Y,1997-04-1
IDCJAC0001,70069,1997,05,32.5,Y,1997-05-1
IDCJAC0001,70069,1997,06,155.6,Y,1997-06-1
IDCJAC0001,70069,1997,07,24.5,Y,1997-07-1
IDCJAC0001,70069,1997,08,37.5,Y,1997-08-1
IDCJAC0001,70069,1997,09,88.7,Y,1997-09-1
IDCJAC0001,70069,1997,10,14.7,Y,1997-10-1
IDCJAC0001,70069,1997,11,11.5,Y,1997-11-1
IDCJAC0001,70069,1997,12,31,Y,1997-12-1
IDCJAC0001,70069,1998,01,102.7,Y,1998-01-1
IDCJAC0001,70069,1998,02,39.2,Y,1998-02-1
IDCJAC0001,70069,1998,03,15.5,Y,1998-03-1
IDCJAC0001,70069,1998,04,62.8,Y,1998-04-1
IDCJAC0001,70069,1998,05,44.3,Y,1998-05-1
IDCJAC0001,70069,1998,06,101.4,Y,1998-06-1
IDCJAC0001,70069,1998,07,81.1,Y,1998-07-1
IDCJAC0001,70069,1998,08,119.2,Y,1998-08-1
IDCJAC0001,70069,1998,09,53,Y,1998-09-1
IDCJAC0001,70069,1998,10,108.8,Y,1998-10-1
IDCJAC0001,70069,1998,11,60.4,Y,1998-11-1
IDCJAC0001,70069,1998,12,15.8,Y,1998-12-1
IDCJAC0001,70069,1999,01,81.5,Y,1999-01-1
IDCJAC0001,70069,1999,02,15.5,Y,1999-02-1
IDCJAC0001,70069,1999,03,73,Y,1999-03-1
IDCJAC0001,70069,1999,04,23.6,Y,1999-04-1
IDCJAC0001,70069,1999,05,39.6,Y,1999-05-1
IDCJAC0001,70069,1999,06,37.9,Y,1999-06-1
IDCJAC0001,70069,1999,08,86.8,Y,1999-08-1
IDCJAC0001,70069,1999,09,66.7,Y,1999-09-1
IDCJAC0001,70069,1999,10,181.4,Y,1999-10-1
IDCJAC0001,70069,1999,11,36.6,Y,1999-11-1
IDCJAC0001,70069,2000,01,22.8,Y,2000-01-1
IDCJAC0001,70069,2000,02,9,Y,2000-02-1
IDCJAC0001,70069,2000,03,94,Y,2000-03-1
IDCJAC0001,70069,2000,04,47,Y,2000-04-1
IDCJAC0001,70069,2000,05,54.8,Y,2000-05-1
IDCJAC0001,70069,2000,06,53.5,Y,2000-06-1
IDCJAC0001,70069,2000,07,50.5,Y,2000-07-1
IDCJAC0001,70069,2000,08,67.2,Y,2000-08-1
IDCJAC0001,70069,2000,09,63.6,Y,2000-09-1
IDCJAC0001,70069,2000,10,67.6,Y,2000-10-1
IDCJAC0001,70069,2000,11,96.9,Y,2000-11-1
IDCJAC0001,70069,2000,12,19.8,Y,2000-12-1
IDCJAC0001,70069,2001,01,29.4,Y,2001-01-1
IDCJAC0001,70069,2001,02,167,Y,2001-02-1
IDCJAC0001,70069,2001,03,37.4,Y,2001-03-1
IDCJAC0001,70069,2001,04,18.7,Y,2001-04-1
IDCJAC0001,70069,2001,05,3.3,Y,2001-05-1
IDCJAC0001,70069,2001,06,30.2,Y,2001-06-1
IDCJAC0001,70069,2001,09,36.6,Y,2001-09-1
IDCJAC0001,70069,2001,10,46.2,Y,2001-10-1
IDCJAC0001,70069,2001,11,36.8,Y,2001-11-1
IDCJAC0001,70069,2001,12,15.2,Y,2001-12-1
IDCJAC0001,70069,2002,01,11.2,Y,2002-01-1
IDCJAC0001,70069,2002,02,106.8,Y,2002-02-1
IDCJAC0001,70069,2002,03,29,Y,2002-03-1
IDCJAC0001,70069,2002,04,9.6,Y,2002-04-1
IDCJAC0001,70069,2002,05,37.6,Y,2002-05-1
IDCJAC0001,70069,2002,06,55.8,Y,2002-06-1
IDCJAC0001,70069,2002,07,48.2,Y,2002-07-1
IDCJAC0001,70069,2002,08,40.4,Y,2002-08-1
IDCJAC0001,70069,2002,09,39.2,Y,2002-09-1
IDCJAC0001,70069,2002,10,1.8,Y,2002-10-1
IDCJAC0001,70069,2002,12,42.8,Y,2002-12-1
IDCJAC0001,70069,2003,01,31,Y,2003-01-1
IDCJAC0001,70069,2003,02,56.4,Y,2003-02-1
IDCJAC0001,70069,2003,03,40.7,Y,2003-03-1
IDCJAC0001,70069,2003,04,17.2,Y,2003-04-1
IDCJAC0001,70069,2003,05,42.4,Y,2003-05-1
IDCJAC0001,70069,2003,06,42.6,Y,2003-06-1
IDCJAC0001,70069,2003,07,51.3,Y,2003-07-1
IDCJAC0001,70069,2003,08,75.8,Y,2003-08-1
IDCJAC0001,70069,2003,09,56.4,Y,2003-09-1
IDCJAC0001,70069,2003,10,63,Y,2003-10-1
IDCJAC0001,70069,2003,11,60.4,Y,2003-11-1
IDCJAC0001,70069,2003,12,29.8,Y,2003-12-1
IDCJAC0001,70069,2004,01,76.2,Y,2004-01-1
IDCJAC0001,70069,2004,02,33,Y,2004-02-1
IDCJAC0001,70069,2004,03,37.4,Y,2004-03-1
IDCJAC0001,70069,2004,05,6.4,Y,2004-05-1
IDCJAC0001,70069,2004,06,31.8,Y,2004-06-1
IDCJAC0001,70069,2004,07,28.2,Y,2004-07-1
IDCJAC0001,70069,2004,08,48.8,Y,2004-08-1
IDCJAC0001,70069,2004,09,58.2,Y,2004-09-1
IDCJAC0001,70069,2004,10,65.6,Y,2004-10-1
IDCJAC0001,70069,2004,11,78.6,Y,2004-11-1
IDCJAC0001,70069,2004,12,37.7,Y,2004-12-1
IDCJAC0001,70069,2005,01,31.4,Y,2005-01-1
IDCJAC0001,70069,2005,02,47.6,Y,2005-02-1
IDCJAC0001,70069,2005,03,32.6,Y,2005-03-1
IDCJAC0001,70069,2005,04,9.2,Y,2005-04-1
IDCJAC0001,70069,2005,05,4.4,Y,2005-05-1
IDCJAC0001,70069,2005,06,60.4,Y,2005-06-1
IDCJAC0001,70069,2005,07,56.8,Y,2005-07-1
IDCJAC0001,70069,2005,08,49.2,Y,2005-08-1
IDCJAC0001,70069,2005,09,114.2,Y,2005-09-1
IDCJAC0001,70069,2005,10,41.2,Y,2005-10-1
IDCJAC0001,70069,2005,12,44.2,Y,2005-12-1
IDCJAC0001,70069,2006,01,125.2,Y,2006-01-1
IDCJAC0001,70069,2006,02,8.2,Y,2006-02-1
IDCJAC0001,70069,2006,03,12.8,Y,2006-03-1
IDCJAC0001,70069,2006,04,9.2,Y,2006-04-1
IDCJAC0001,70069,2006,05,20,Y,2006-05-1
IDCJAC0001,70069,2006,06,47.6,Y,2006-06-1
IDCJAC0001,70069,2006,07,43.7,Y,2006-07-1
IDCJAC0001,70069,2006,08,22,Y,2006-08-1
IDCJAC0001,70069,2006,09,44,Y,2006-09-1
IDCJAC0001,70069,2006,10,0,Y,2006-10-1
IDCJAC0001,70069,2006,11,17.8,Y,2006-11-1
IDCJAC0001,70069,2006,12,50.6,Y,2006-12-1
IDCJAC0001,70069,2007,01,41.8,Y,2007-01-1
IDCJAC0001,70069,2007,02,53.8,Y,2007-02-1
IDCJAC0001,70069,2007,03,40.6,Y,2007-03-1
IDCJAC0001,70069,2007,04,34.4,Y,2007-04-1
IDCJAC0001,70069,2007,05,39.6,Y,2007-05-1
IDCJAC0001,70069,2007,06,164.8,Y,2007-06-1
IDCJAC0001,70069,2007,07,45,Y,2007-07-1
IDCJAC0001,70069,2007,08,11.4,Y,2007-08-1
IDCJAC0001,70069,2007,09,14,Y,2007-09-1
IDCJAC0001,70069,2007,10,8.2,Y,2007-10-1
IDCJAC0001,70069,2007,11,70,Y,2007-11-1
IDCJAC0001,70069,2007,12,81,Y,2007-12-1
IDCJAC0001,70069,2008,01,53.6,Y,2008-01-1
IDCJAC0001,70069,2008,02,53.6,Y,2008-02-1
IDCJAC0001,70069,2008,03,31.4,Y,2008-03-1
IDCJAC0001,70069,2008,04,28.2,Y,2008-04-1
IDCJAC0001,70069,2008,05,5.2,Y,2008-05-1
IDCJAC0001,70069,2008,06,42,Y,2008-06-1
IDCJAC0001,70069,2008,07,49.2,Y,2008-07-1
IDCJAC0001,70069,2008,08,57,Y,2008-08-1
IDCJAC0001,70069,2008,09,47,Y,2008-09-1
IDCJAC0001,70069,2008,10,101,Y,2008-10-1
IDCJAC0001,70069,2008,11,79.8,Y,2008-11-1
IDCJAC0001,70069,2008,12,113.4,Y,2008-12-1
IDCJAC0001,70069,2009,01,18.8,Y,2009-01-1
IDCJAC0001,70069,2009,02,31.6,Y,2009-02-1
IDCJAC0001,70069,2009,03,4.8,Y,2009-03-1
IDCJAC0001,70069,2009,04,73.4,Y,2009-04-1
IDCJAC0001,70069,2009,05,14.8,Y,2009-05-1
IDCJAC0001,70069,2009,06,43.2,Y,2009-06-1
IDCJAC0001,70069,2009,07,58.4,Y,2009-07-1
IDCJAC0001,70069,2009,08,47.4,Y,2009-08-1
IDCJAC0001,70069,2009,09,59.4,Y,2009-09-1
IDCJAC0001,70069,2009,10,56.8,Y,2009-10-1
IDCJAC0001,70069,2009,11,14.2,Y,2009-11-1
IDCJAC0001,70069,2009,12,89.2,Y,2009-12-1
IDCJAC0001,70069,2010,02,94.2,Y,2010-02-1
IDCJAC0001,70069,2010,03,47.4,Y,2010-03-1
IDCJAC0001,70069,2010,04,23.2,Y,2010-04-1
IDCJAC0001,70069,2010,05,65.8,Y,2010-05-1
IDCJAC0001,70069,2010,06,24.8,Y,2010-06-1
IDCJAC0001,70069,2010,07,68.6,Y,2010-07-1
IDCJAC0001,70069,2010,08,112.4,Y,2010-08-1
IDCJAC0001,70069,2010,09,51.6,Y,2010-09-1
IDCJAC0001,70069,2010,10,57.4,Y,2010-10-1
IDCJAC0001,70069,2010,12,209.4,Y,2010-12-1
IDCJAC0001,70069,2011,01,28.4,Y,2011-01-1
IDCJAC0001,70069,2011,02,111.4,Y,2011-02-1
IDCJAC0001,70069,2011,03,49.6,Y,2011-03-1
IDCJAC0001,70069,2011,04,16,Y,2011-04-1
IDCJAC0001,70069,2011,05,42.6,Y,2011-05-1
IDCJAC0001,70069,2011,06,33.4,Y,2011-06-1
IDCJAC0001,70069,2011,07,39.4,Y,2011-07-1
IDCJAC0001,70069,2011,08,61,Y,2011-08-1
IDCJAC0001,70069,2011,09,48.6,Y,2011-09-1
IDCJAC0001,70069,2011,10,32.6,Y,2011-10-1
IDCJAC0001,70069,2011,11,69.2,Y,2011-11-1
IDCJAC0001,70069,2011,12,66.6,Y,2011-12-1
IDCJAC0001,70069,2012,01,52.2,Y,2012-01-1
IDCJAC0001,70069,2012,02,155.4,N,2012-02-1
IDCJAC0001,70069,2012,03,198,Y,2012-03-1
IDCJAC0001,70069,2012,04,23.4,Y,2012-04-1
IDCJAC0001,70069,2012,05,27,Y,2012-05-1
IDCJAC0001,70069,2012,07,36.2,Y,2012-07-1
IDCJAC0001,70069,2012,08,49,Y,2012-08-1
IDCJAC0001,70069,2012,09,63.2,Y,2012-09-1
IDCJAC0001,70069,2012,10,32.2,Y,2012-10-1
IDCJAC0001,70069,2012,11,26.8,Y,2012-11-1
IDCJAC0001,70069,2012,12,30.6,Y,2012-12-1
IDCJAC0001,70069,2013,01,79.6,Y,2013-01-1
IDCJAC0001,70069,2013,02,46.2,Y,2013-02-1
IDCJAC0001,70069,2013,03,73.6,Y,2013-03-1
IDCJAC0001,70069,2013,04,10.4,Y,2013-04-1
IDCJAC0001,70069,2013,05,21.8,Y,2013-05-1
IDCJAC0001,70069,2013,06,155.2,Y,2013-06-1
IDCJAC0001,70069,2013,07,29.8,Y,2013-07-1
IDCJAC0001,70069,2013,08,31.4,Y,2013-08-1
IDCJAC0001,70069,2013,09,32,Y,2013-09-1
IDCJAC0001,70069,2013,10,34.4,Y,2013-10-1
IDCJAC0001,70069,2013,11,55,Y,2013-11-1
IDCJAC0001,70069,2013,12,25.6,Y,2013-12-1
IDCJAC0001,70069,2014,01,6.4,Y,2014-01-1
IDCJAC0001,70069,2014,02,82.2,Y,2014-02-1
IDCJAC0001,70069,2014,03,104,Y,2014-03-1
IDCJAC0001,70069,2014,04,63.8,Y,2014-04-1
IDCJAC0001,70069,2014,05,46.8,Y,2014-05-1
IDCJAC0001,70069,2014,06,64.8,Y,2014-06-1
IDCJAC0001,70069,2014,07,22.4,Y,2014-07-1
IDCJAC0001,70069,2014,08,98.6,Y,2014-08-1
IDCJAC0001,70069,2014,09,38.4,Y,2014-09-1
IDCJAC0001,70069,2014,10,36.6,Y,2014-10-1
IDCJAC0001,70069,2014,11,24.4,Y,2014-11-1
IDCJAC0001,70069,2014,12,88.6,Y,2014-12-1
IDCJAC0001,70069,2015,01,159,Y,2015-01-1
IDCJAC0001,70069,2015,02,13.6,Y,2015-02-1
IDCJAC0001,70069,2015,03,18.2,Y,2015-03-1
IDCJAC0001,70069,2015,04,64,Y,2015-04-1
IDCJAC0001,70069,2015,05,37.4,Y,2015-05-1
IDCJAC0001,70069,2015,06,50.2,Y,2015-06-1
IDCJAC0001,70069,2015,07,84.4,Y,2015-07-1
IDCJAC0001,70069,2015,08,79.2,Y,2015-08-1
IDCJAC0001,70069,2015,09,25.8,Y,2015-09-1
IDCJAC0001,70069,2015,10,12,Y,2015-10-1
IDCJAC0001,70069,2015,11,62,Y,2015-11-1
IDCJAC0001,70069,2015,12,16.8,Y,2015-12-1
IDCJAC0001,70069,2016,01,97.8,Y,2016-01-1
IDCJAC0001,70069,2016,02,13.2,Y,2016-02-1
IDCJAC0001,70069,2016,03,46.2,Y,2016-03-1
IDCJAC0001,70069,2016,04,21.6,Y,2016-04-1
IDCJAC0001,70069,2016,05,52.4,Y,2016-05-1
IDCJAC0001,70069,2016,06,157.6,Y,2016-06-1
IDCJAC0001,70069,2016,07,121.6,Y,2016-07-1
IDCJAC0001,70069,2016,08,50.4,Y,2016-08-1
IDCJAC0001,70069,2016,09,120.2,Y,2016-09-1
IDCJAC0001,70069,2016,10,79.6,Y,2016-10-1
IDCJAC0001,70069,2016,11,29.4,Y,2016-11-1
IDCJAC0001,70069,2016,12,80.8,Y,2016-12-1
IDCJAC0001,70069,2017,01,18,Y,2017-01-1
IDCJAC0001,70069,2017,02,59.4,Y,2017-02-1
IDCJAC0001,70069,2017,03,88.4,Y,2017-03-1
IDCJAC0001,70069,2017,04,35.4,Y,2017-04-1
IDCJAC0001,70069,2017,05,29.6,Y,2017-05-1
IDCJAC0001,70069,2017,06,13,Y,2017-06-1
IDCJAC0001,70069,2017,07,19.8,Y,2017-07-1
IDCJAC0001,70069,2017,08,68.6,Y,2017-08-1
IDCJAC0001,70069,2017,09,41.4,Y,2017-09-1
IDCJAC0001,70069,2017,10,47.2,Y,2017-10-1
IDCJAC0001,70069,2017,11,80.8,Y,2017-11-1
IDCJAC0001,70069,2017,12,70.8,Y,2017-12-1
IDCJAC0001,70069,2018,01,34.2,Y,2018-01-1
IDCJAC0001,70069,2018,02,120,Y,2018-02-1
IDCJAC0001,70069,2018,03,11.4,Y,2018-03-1
IDCJAC0001,70069,2018,04,21.6,Y,2018-04-1
IDCJAC0001,70069,2018,05,29.8,Y,2018-05-1
IDCJAC0001,70069,2018,06,41.2,Y,2018-06-1
IDCJAC0001,70069,2018,07,18.2,Y,2018-07-1
IDCJAC0001,70069,2018,08,47.2,Y,2018-08-1
IDCJAC0001,70069,2018,09,27,Y,2018-09-1
IDCJAC0001,70069,2018,10,41.2,Y,2018-10-1
IDCJAC0001,70069,2018,12,127.2,N,2018-12-1
IDCJAC0001,70069,2019,01,51.2,Y,2019-01-1
IDCJAC0001,70069,2019,02,50.8,Y,2019-02-1
IDCJAC0001,70069,2019,03,89.4,Y,2019-03-1
IDCJAC0001,70069,2019,04,2.2,Y,2019-04-1
IDCJAC0001,70069,2019,05,31.8,Y,2019-05-1
IDCJAC0001,70069,2019,06,75.8,Y,2019-06-1
IDCJAC0001,70069,2019,07,21.4,N,2019-07-1
IDCJAC0001,70069,2019,08,30,Y,2019-08-1
IDCJAC0001,70069,2019,09,43.4,N,2019-09-1
IDCJAC0001,70069,2019,10,13.4,N,2019-10-1
IDCJAC0001,70069,2019,11,21.4,Y,2019-11-1
IDCJAC0001,70069,2019,12,0.4,Y,2019-12-1
IDCJAC0001,70069,2020,01,29.2,Y,2020-01-1
IDCJAC0001,70069,2020,02,189,N,2020-02-1
IDCJAC0001,70069,2020,03,55.2,Y,2020-03-1
IDCJAC0001,70069,2020,04,81.2,Y,2020-04-1
IDCJAC0001,70069,2020,05,64,Y,2020-05-1
IDCJAC0001,70069,2020,06,25.6,Y,2020-06-1
IDCJAC0001,70069,2020,07,70,Y,2020-07-1
IDCJAC0001,70069,2020,08,143.8,N,2020-08-1
IDCJAC0001,70069,2020,09,63.8,N,2020-09-1
IDCJAC0001,70069,2020,10,97.8,Y,2020-10-1
IDCJAC0001,70069,2020,11,82.2,N,2020-11-1
IDCJAC0001,70069,2020,12,52,N,2020-12-1
IDCJAC0001,70069,2021,01,83.6,N,2021-01-1
IDCJAC0001,70069,2021,02,83.2,N,2021-02-1
IDCJAC0001,70069,2021,03,176.8,N,2021-03-1
IDCJAC0001,70069,2021,04,2.6,N,2021-04-1
IDCJAC0001,70069,2021,05,55.4,N,2021-05-1
IDCJAC0001,70069,2021,06,81,N,2021-06-1
